uniqueKey,path,url,createdAt,page,sortBy,sortOrder,txRx,licenceDateType,fromDate,toDate,gridRefDefault,fromFrequency,toFrequency,licenceStatus,totalPages,totalItems,statusCode
6043505c60971c77572158a213aefe0c,data/page/6043505c60971c77572158a213aefe0c.json,"https://api.business.govt.nz/gateway/radio-spectrum-management/v1/licences?page=4&sort-by=Licence%20ID&sort-order=desc&txRx=TRN,%20RCV&LicenceDateType=LASTUPDATED_LU&fromDate=2024-11-23&toDate=2024-11-24&gridRefDefault=LAT_LONG_NZGD2000_D2000",2024-11-21T22:10:48Z,4,Licence ID,desc,"TRN, RCV",LASTUPDATED_LU,2024-11-23,2024-11-24,LAT_LONG_NZGD2000_D2000,NA,NA,NA,0,0,200
35565b9d3f5f8583a58607834aaf058f,data/page/35565b9d3f5f8583a58607834aaf058f.json,"https://api.business.govt.nz/gateway/radio-spectrum-management/v1/licences?page=4&sort-by=Licence%20ID&sort-order=desc&txRx=TRN,%20RCV&LicenceDateType=LASTUPDATED_LU&fromDate=2024-11-22&toDate=2024-11-23&gridRefDefault=LAT_LONG_NZGD2000_D2000",2024-11-21T22:10:48Z,4,Licence ID,desc,"TRN, RCV",LASTUPDATED_LU,2024-11-22,2024-11-23,LAT_LONG_NZGD2000_D2000,NA,NA,NA,4,327,200
6a19b40891298821c7353bb5b34e6d20,data/page/6a19b40891298821c7353bb5b34e6d20.json,"https://api.business.govt.nz/gateway/radio-spectrum-management/v1/licences?page=3&sort-by=Licence%20ID&sort-order=desc&txRx=TRN,%20RCV&LicenceDateType=LASTUPDATED_LU&fromDate=2024-11-23&toDate=2024-11-24&gridRefDefault=LAT_LONG_NZGD2000_D2000",2024-11-21T22:10:48Z,3,Licence ID,desc,"TRN, RCV",LASTUPDATED_LU,2024-11-23,2024-11-24,LAT_LONG_NZGD2000_D2000,NA,NA,NA,0,0,200
5e2000b0b04b047c20ca8a7b7246ea2c,data/page/5e2000b0b04b047c20ca8a7b7246ea2c.json,"https://api.business.govt.nz/gateway/radio-spectrum-management/v1/licences?page=3&sort-by=Licence%20ID&sort-order=desc&txRx=TRN,%20RCV&LicenceDateType=LASTUPDATED_LU&fromDate=2024-11-22&toDate=2024-11-23&gridRefDefault=LAT_LONG_NZGD2000_D2000",2024-11-21T22:10:48Z,3,Licence ID,desc,"TRN, RCV",LASTUPDATED_LU,2024-11-22,2024-11-23,LAT_LONG_NZGD2000_D2000,NA,NA,NA,4,327,200
0687ba911f96626445e7e9bd4f88a89a,data/page/0687ba911f96626445e7e9bd4f88a89a.json,"https://api.business.govt.nz/gateway/radio-spectrum-management/v1/licences?page=2&sort-by=Licence%20ID&sort-order=desc&txRx=TRN,%20RCV&LicenceDateType=LASTUPDATED_LU&fromDate=2024-11-23&toDate=2024-11-24&gridRefDefault=LAT_LONG_NZGD2000_D2000",2024-11-21T22:10:48Z,2,Licence ID,desc,"TRN, RCV",LASTUPDATED_LU,2024-11-23,2024-11-24,LAT_LONG_NZGD2000_D2000,NA,NA,NA,0,0,200
146b20300d2750dc5eb381a4d98efe31,data/page/146b20300d2750dc5eb381a4d98efe31.json,"https://api.business.govt.nz/gateway/radio-spectrum-management/v1/licences?page=2&sort-by=Licence%20ID&sort-order=desc&txRx=TRN,%20RCV&LicenceDateType=LASTUPDATED_LU&fromDate=2024-11-22&toDate=2024-11-23&gridRefDefault=LAT_LONG_NZGD2000_D2000",2024-11-21T22:10:48Z,2,Licence ID,desc,"TRN, RCV",LASTUPDATED_LU,2024-11-22,2024-11-23,LAT_LONG_NZGD2000_D2000,NA,NA,NA,4,327,200
2815fb47111144fcb274f4772ca433fa,data/page/2815fb47111144fcb274f4772ca433fa.json,"https://api.business.govt.nz/gateway/radio-spectrum-management/v1/licences?page=6&sort-by=Licence%20ID&sort-order=desc&txRx=TRN,%20RCV&LicenceDateType=LASTUPDATED_LU&fromDate=2024-11-22&toDate=2024-11-23&gridRefDefault=LAT_LONG_NZGD2000_D2000",2024-11-21T22:10:48Z,6,Licence ID,desc,"TRN, RCV",LASTUPDATED_LU,2024-11-22,2024-11-23,LAT_LONG_NZGD2000_D2000,NA,NA,NA,4,327,200
a0b780ddd2e8bb324013a6e7fef43a0e,data/page/a0b780ddd2e8bb324013a6e7fef43a0e.json,"https://api.business.govt.nz/gateway/radio-spectrum-management/v1/licences?page=6&sort-by=Licence%20ID&sort-order=desc&txRx=TRN,%20RCV&LicenceDateType=LASTUPDATED_LU&fromDate=2024-11-21&toDate=2024-11-22&gridRefDefault=LAT_LONG_NZGD2000_D2000",2024-11-21T22:10:48Z,6,Licence ID,desc,"TRN, RCV",LASTUPDATED_LU,2024-11-21,2024-11-22,LAT_LONG_NZGD2000_D2000,NA,NA,NA,6,575,200
2708a6b64694d4da26382011fd000141,data/page/2708a6b64694d4da26382011fd000141.json,"https://api.business.govt.nz/gateway/radio-spectrum-management/v1/licences?page=5&sort-by=Licence%20ID&sort-order=desc&txRx=TRN,%20RCV&LicenceDateType=LASTUPDATED_LU&fromDate=2024-11-22&toDate=2024-11-23&gridRefDefault=LAT_LONG_NZGD2000_D2000",2024-11-21T22:10:48Z,5,Licence ID,desc,"TRN, RCV",LASTUPDATED_LU,2024-11-22,2024-11-23,LAT_LONG_NZGD2000_D2000,NA,NA,NA,4,327,200
b5662e3c9017e3ce6c5ccb593e3b83b0,data/page/b5662e3c9017e3ce6c5ccb593e3b83b0.json,"https://api.business.govt.nz/gateway/radio-spectrum-management/v1/licences?page=5&sort-by=Licence%20ID&sort-order=desc&txRx=TRN,%20RCV&LicenceDateType=LASTUPDATED_LU&fromDate=2024-11-21&toDate=2024-11-22&gridRefDefault=LAT_LONG_NZGD2000_D2000",2024-11-21T22:10:48Z,5,Licence ID,desc,"TRN, RCV",LASTUPDATED_LU,2024-11-21,2024-11-22,LAT_LONG_NZGD2000_D2000,NA,NA,NA,6,575,200
1742900bd68d1aa2aaa5ce6e825c0760,data/page/1742900bd68d1aa2aaa5ce6e825c0760.json,"https://api.business.govt.nz/gateway/radio-spectrum-management/v1/licences?page=4&sort-by=Licence%20ID&sort-order=desc&txRx=TRN,%20RCV&LicenceDateType=LASTUPDATED_LU&fromDate=2024-11-21&toDate=2024-11-22&gridRefDefault=LAT_LONG_NZGD2000_D2000",2024-11-21T22:10:48Z,4,Licence ID,desc,"TRN, RCV",LASTUPDATED_LU,2024-11-21,2024-11-22,LAT_LONG_NZGD2000_D2000,NA,NA,NA,6,575,200
0e4c3633bbaf2d8c38fdacce7c064935,data/page/0e4c3633bbaf2d8c38fdacce7c064935.json,"https://api.business.govt.nz/gateway/radio-spectrum-management/v1/licences?page=3&sort-by=Licence%20ID&sort-order=desc&txRx=TRN,%20RCV&LicenceDateType=LASTUPDATED_LU&fromDate=2024-11-21&toDate=2024-11-22&gridRefDefault=LAT_LONG_NZGD2000_D2000",2024-11-21T22:10:48Z,3,Licence ID,desc,"TRN, RCV",LASTUPDATED_LU,2024-11-21,2024-11-22,LAT_LONG_NZGD2000_D2000,NA,NA,NA,6,575,200
23f270373793fe3f187e08ae6e52ce3b,data/page/23f270373793fe3f187e08ae6e52ce3b.json,"https://api.business.govt.nz/gateway/radio-spectrum-management/v1/licences?page=2&sort-by=Licence%20ID&sort-order=desc&txRx=TRN,%20RCV&LicenceDateType=LASTUPDATED_LU&fromDate=2024-11-21&toDate=2024-11-22&gridRefDefault=LAT_LONG_NZGD2000_D2000",2024-11-21T22:10:48Z,2,Licence ID,desc,"TRN, RCV",LASTUPDATED_LU,2024-11-21,2024-11-22,LAT_LONG_NZGD2000_D2000,NA,NA,NA,6,575,200
9bd4ccc10b07326cce04e79334923c92,data/page/9bd4ccc10b07326cce04e79334923c92.json,"https://api.business.govt.nz/gateway/radio-spectrum-management/v1/licences?page=36&sort-by=Licence%20ID&sort-order=desc&txRx=TRN,%20RCV&LicenceDateType=LASTUPDATED_LU&fromDate=2024-11-21&toDate=2024-11-22&gridRefDefault=LAT_LONG_NZGD2000_D2000",2024-11-21T22:10:48Z,36,Licence ID,desc,"TRN, RCV",LASTUPDATED_LU,2024-11-21,2024-11-22,LAT_LONG_NZGD2000_D2000,NA,NA,NA,6,575,200
ee8518fce8dddb05cd8f3c695033b3b5,data/page/ee8518fce8dddb05cd8f3c695033b3b5.json,"https://api.business.govt.nz/gateway/radio-spectrum-management/v1/licences?page=36&sort-by=Licence%20ID&sort-order=desc&txRx=TRN,%20RCV&LicenceDateType=LASTUPDATED_LU&fromDate=2024-11-20&toDate=2024-11-21&gridRefDefault=LAT_LONG_NZGD2000_D2000",2024-11-21T22:10:48Z,36,Licence ID,desc,"TRN, RCV",LASTUPDATED_LU,2024-11-20,2024-11-21,LAT_LONG_NZGD2000_D2000,NA,NA,NA,36,3519,200
0f57c935f39239a0353be9b9549b6c71,data/page/0f57c935f39239a0353be9b9549b6c71.json,"https://api.business.govt.nz/gateway/radio-spectrum-management/v1/licences?page=35&sort-by=Licence%20ID&sort-order=desc&txRx=TRN,%20RCV&LicenceDateType=LASTUPDATED_LU&fromDate=2024-11-21&toDate=2024-11-22&gridRefDefault=LAT_LONG_NZGD2000_D2000",2024-11-21T22:10:48Z,35,Licence ID,desc,"TRN, RCV",LASTUPDATED_LU,2024-11-21,2024-11-22,LAT_LONG_NZGD2000_D2000,NA,NA,NA,6,575,200
f621dd656f4ac7e863038945096630e1,data/page/f621dd656f4ac7e863038945096630e1.json,"https://api.business.govt.nz/gateway/radio-spectrum-management/v1/licences?page=35&sort-by=Licence%20ID&sort-order=desc&txRx=TRN,%20RCV&LicenceDateType=LASTUPDATED_LU&fromDate=2024-11-20&toDate=2024-11-21&gridRefDefault=LAT_LONG_NZGD2000_D2000",2024-11-21T22:10:48Z,35,Licence ID,desc,"TRN, RCV",LASTUPDATED_LU,2024-11-20,2024-11-21,LAT_LONG_NZGD2000_D2000,NA,NA,NA,36,3519,200
4567cfa473bcfeb9fe879c721edc8bd1,data/page/4567cfa473bcfeb9fe879c721edc8bd1.json,"https://api.business.govt.nz/gateway/radio-spectrum-management/v1/licences?page=34&sort-by=Licence%20ID&sort-order=desc&txRx=TRN,%20RCV&LicenceDateType=LASTUPDATED_LU&fromDate=2024-11-21&toDate=2024-11-22&gridRefDefault=LAT_LONG_NZGD2000_D2000",2024-11-21T22:10:48Z,34,Licence ID,desc,"TRN, RCV",LASTUPDATED_LU,2024-11-21,2024-11-22,LAT_LONG_NZGD2000_D2000,NA,NA,NA,6,575,200
f1aff24fd9093133ac8930b631ec114d,data/page/f1aff24fd9093133ac8930b631ec114d.json,"https://api.business.govt.nz/gateway/radio-spectrum-management/v1/licences?page=34&sort-by=Licence%20ID&sort-order=desc&txRx=TRN,%20RCV&LicenceDateType=LASTUPDATED_LU&fromDate=2024-11-20&toDate=2024-11-21&gridRefDefault=LAT_LONG_NZGD2000_D2000",2024-11-21T22:10:48Z,34,Licence ID,desc,"TRN, RCV",LASTUPDATED_LU,2024-11-20,2024-11-21,LAT_LONG_NZGD2000_D2000,NA,NA,NA,36,3519,200
a9a4eb6e9333da920092440ad630ff77,data/page/a9a4eb6e9333da920092440ad630ff77.json,"https://api.business.govt.nz/gateway/radio-spectrum-management/v1/licences?page=33&sort-by=Licence%20ID&sort-order=desc&txRx=TRN,%20RCV&LicenceDateType=LASTUPDATED_LU&fromDate=2024-11-21&toDate=2024-11-22&gridRefDefault=LAT_LONG_NZGD2000_D2000",2024-11-21T22:10:48Z,33,Licence ID,desc,"TRN, RCV",LASTUPDATED_LU,2024-11-21,2024-11-22,LAT_LONG_NZGD2000_D2000,NA,NA,NA,6,575,200
3c0dba68cc99c725c143f84b7313e7f5,data/page/3c0dba68cc99c725c143f84b7313e7f5.json,"https://api.business.govt.nz/gateway/radio-spectrum-management/v1/licences?page=33&sort-by=Licence%20ID&sort-order=desc&txRx=TRN,%20RCV&LicenceDateType=LASTUPDATED_LU&fromDate=2024-11-20&toDate=2024-11-21&gridRefDefault=LAT_LONG_NZGD2000_D2000",2024-11-21T22:10:48Z,33,Licence ID,desc,"TRN, RCV",LASTUPDATED_LU,2024-11-20,2024-11-21,LAT_LONG_NZGD2000_D2000,NA,NA,NA,36,3519,200
b9a92b9d116f580f4bde806d16612174,data/page/b9a92b9d116f580f4bde806d16612174.json,"https://api.business.govt.nz/gateway/radio-spectrum-management/v1/licences?page=32&sort-by=Licence%20ID&sort-order=desc&txRx=TRN,%20RCV&LicenceDateType=LASTUPDATED_LU&fromDate=2024-11-21&toDate=2024-11-22&gridRefDefault=LAT_LONG_NZGD2000_D2000",2024-11-21T22:10:48Z,32,Licence ID,desc,"TRN, RCV",LASTUPDATED_LU,2024-11-21,2024-11-22,LAT_LONG_NZGD2000_D2000,NA,NA,NA,6,575,200
4c40e7cf85ff12ffc25f6667754cca69,data/page/4c40e7cf85ff12ffc25f6667754cca69.json,"https://api.business.govt.nz/gateway/radio-spectrum-management/v1/licences?page=32&sort-by=Licence%20ID&sort-order=desc&txRx=TRN,%20RCV&LicenceDateType=LASTUPDATED_LU&fromDate=2024-11-20&toDate=2024-11-21&gridRefDefault=LAT_LONG_NZGD2000_D2000",2024-11-21T22:10:48Z,32,Licence ID,desc,"TRN, RCV",LASTUPDATED_LU,2024-11-20,2024-11-21,LAT_LONG_NZGD2000_D2000,NA,NA,NA,36,3519,200
7ce6756a17ad8271d01029d51482978a,data/page/7ce6756a17ad8271d01029d51482978a.json,"https://api.business.govt.nz/gateway/radio-spectrum-management/v1/licences?page=31&sort-by=Licence%20ID&sort-order=desc&txRx=TRN,%20RCV&LicenceDateType=LASTUPDATED_LU&fromDate=2024-11-21&toDate=2024-11-22&gridRefDefault=LAT_LONG_NZGD2000_D2000",2024-11-21T22:10:48Z,31,Licence ID,desc,"TRN, RCV",LASTUPDATED_LU,2024-11-21,2024-11-22,LAT_LONG_NZGD2000_D2000,NA,NA,NA,6,575,200
6a33ce087cf8e44c421a5105460f6945,data/page/6a33ce087cf8e44c421a5105460f6945.json,"https://api.business.govt.nz/gateway/radio-spectrum-management/v1/licences?page=31&sort-by=Licence%20ID&sort-order=desc&txRx=TRN,%20RCV&LicenceDateType=LASTUPDATED_LU&fromDate=2024-11-20&toDate=2024-11-21&gridRefDefault=LAT_LONG_NZGD2000_D2000",2024-11-21T22:10:48Z,31,Licence ID,desc,"TRN, RCV",LASTUPDATED_LU,2024-11-20,2024-11-21,LAT_LONG_NZGD2000_D2000,NA,NA,NA,36,3519,200
81f23c33946dc6b2d30a5117a79c9cc9,data/page/81f23c33946dc6b2d30a5117a79c9cc9.json,"https://api.business.govt.nz/gateway/radio-spectrum-management/v1/licences?page=30&sort-by=Licence%20ID&sort-order=desc&txRx=TRN,%20RCV&LicenceDateType=LASTUPDATED_LU&fromDate=2024-11-21&toDate=2024-11-22&gridRefDefault=LAT_LONG_NZGD2000_D2000",2024-11-21T22:10:48Z,30,Licence ID,desc,"TRN, RCV",LASTUPDATED_LU,2024-11-21,2024-11-22,LAT_LONG_NZGD2000_D2000,NA,NA,NA,6,575,200
4ecd70a953626aa11372350266cb2a4d,data/page/4ecd70a953626aa11372350266cb2a4d.json,"https://api.business.govt.nz/gateway/radio-spectrum-management/v1/licences?page=30&sort-by=Licence%20ID&sort-order=desc&txRx=TRN,%20RCV&LicenceDateType=LASTUPDATED_LU&fromDate=2024-11-20&toDate=2024-11-21&gridRefDefault=LAT_LONG_NZGD2000_D2000",2024-11-21T22:10:48Z,30,Licence ID,desc,"TRN, RCV",LASTUPDATED_LU,2024-11-20,2024-11-21,LAT_LONG_NZGD2000_D2000,NA,NA,NA,36,3519,200
b9d592e93b4c52c22a54900c4dbaf14e,data/page/b9d592e93b4c52c22a54900c4dbaf14e.json,"https://api.business.govt.nz/gateway/radio-spectrum-management/v1/licences?page=29&sort-by=Licence%20ID&sort-order=desc&txRx=TRN,%20RCV&LicenceDateType=LASTUPDATED_LU&fromDate=2024-11-21&toDate=2024-11-22&gridRefDefault=LAT_LONG_NZGD2000_D2000",2024-11-21T22:10:48Z,29,Licence ID,desc,"TRN, RCV",LASTUPDATED_LU,2024-11-21,2024-11-22,LAT_LONG_NZGD2000_D2000,NA,NA,NA,6,575,200
887ad8818a98e5621f83f15782a4ea1d,data/page/887ad8818a98e5621f83f15782a4ea1d.json,"https://api.business.govt.nz/gateway/radio-spectrum-management/v1/licences?page=29&sort-by=Licence%20ID&sort-order=desc&txRx=TRN,%20RCV&LicenceDateType=LASTUPDATED_LU&fromDate=2024-11-20&toDate=2024-11-21&gridRefDefault=LAT_LONG_NZGD2000_D2000",2024-11-21T22:10:48Z,29,Licence ID,desc,"TRN, RCV",LASTUPDATED_LU,2024-11-20,2024-11-21,LAT_LONG_NZGD2000_D2000,NA,NA,NA,36,3519,200
21e1fb9e9a34ef59f998f23eb852807c,data/page/21e1fb9e9a34ef59f998f23eb852807c.json,"https://api.business.govt.nz/gateway/radio-spectrum-management/v1/licences?page=28&sort-by=Licence%20ID&sort-order=desc&txRx=TRN,%20RCV&LicenceDateType=LASTUPDATED_LU&fromDate=2024-11-21&toDate=2024-11-22&gridRefDefault=LAT_LONG_NZGD2000_D2000",2024-11-21T22:10:48Z,28,Licence ID,desc,"TRN, RCV",LASTUPDATED_LU,2024-11-21,2024-11-22,LAT_LONG_NZGD2000_D2000,NA,NA,NA,6,575,200
092d22fa9eb05af9346c653c53b8c787,data/page/092d22fa9eb05af9346c653c53b8c787.json,"https://api.business.govt.nz/gateway/radio-spectrum-management/v1/licences?page=28&sort-by=Licence%20ID&sort-order=desc&txRx=TRN,%20RCV&LicenceDateType=LASTUPDATED_LU&fromDate=2024-11-20&toDate=2024-11-21&gridRefDefault=LAT_LONG_NZGD2000_D2000",2024-11-21T22:10:48Z,28,Licence ID,desc,"TRN, RCV",LASTUPDATED_LU,2024-11-20,2024-11-21,LAT_LONG_NZGD2000_D2000,NA,NA,NA,36,3519,200
42104d147902220523ecd387fbf594fb,data/page/42104d147902220523ecd387fbf594fb.json,"https://api.business.govt.nz/gateway/radio-spectrum-management/v1/licences?page=27&sort-by=Licence%20ID&sort-order=desc&txRx=TRN,%20RCV&LicenceDateType=LASTUPDATED_LU&fromDate=2024-11-21&toDate=2024-11-22&gridRefDefault=LAT_LONG_NZGD2000_D2000",2024-11-21T22:10:48Z,27,Licence ID,desc,"TRN, RCV",LASTUPDATED_LU,2024-11-21,2024-11-22,LAT_LONG_NZGD2000_D2000,NA,NA,NA,6,575,200
fa40fcaf34344a635e905081ba045363,data/page/fa40fcaf34344a635e905081ba045363.json,"https://api.business.govt.nz/gateway/radio-spectrum-management/v1/licences?page=27&sort-by=Licence%20ID&sort-order=desc&txRx=TRN,%20RCV&LicenceDateType=LASTUPDATED_LU&fromDate=2024-11-20&toDate=2024-11-21&gridRefDefault=LAT_LONG_NZGD2000_D2000",2024-11-21T22:10:48Z,27,Licence ID,desc,"TRN, RCV",LASTUPDATED_LU,2024-11-20,2024-11-21,LAT_LONG_NZGD2000_D2000,NA,NA,NA,36,3519,200
d7f57c1d2740fadaf00137a78f9e6103,data/page/d7f57c1d2740fadaf00137a78f9e6103.json,"https://api.business.govt.nz/gateway/radio-spectrum-management/v1/licences?page=26&sort-by=Licence%20ID&sort-order=desc&txRx=TRN,%20RCV&LicenceDateType=LASTUPDATED_LU&fromDate=2024-11-21&toDate=2024-11-22&gridRefDefault=LAT_LONG_NZGD2000_D2000",2024-11-21T22:10:48Z,26,Licence ID,desc,"TRN, RCV",LASTUPDATED_LU,2024-11-21,2024-11-22,LAT_LONG_NZGD2000_D2000,NA,NA,NA,6,575,200
c4147f776aa931cb1deae2a42f446199,data/page/c4147f776aa931cb1deae2a42f446199.json,"https://api.business.govt.nz/gateway/radio-spectrum-management/v1/licences?page=26&sort-by=Licence%20ID&sort-order=desc&txRx=TRN,%20RCV&LicenceDateType=LASTUPDATED_LU&fromDate=2024-11-20&toDate=2024-11-21&gridRefDefault=LAT_LONG_NZGD2000_D2000",2024-11-21T22:10:48Z,26,Licence ID,desc,"TRN, RCV",LASTUPDATED_LU,2024-11-20,2024-11-21,LAT_LONG_NZGD2000_D2000,NA,NA,NA,36,3519,200
4e4b6f1157a64df278b3bdda1cd9046b,data/page/4e4b6f1157a64df278b3bdda1cd9046b.json,"https://api.business.govt.nz/gateway/radio-spectrum-management/v1/licences?page=25&sort-by=Licence%20ID&sort-order=desc&txRx=TRN,%20RCV&LicenceDateType=LASTUPDATED_LU&fromDate=2024-11-21&toDate=2024-11-22&gridRefDefault=LAT_LONG_NZGD2000_D2000",2024-11-21T22:10:48Z,25,Licence ID,desc,"TRN, RCV",LASTUPDATED_LU,2024-11-21,2024-11-22,LAT_LONG_NZGD2000_D2000,NA,NA,NA,6,575,200
562c28428f208534adb043e0257a7f17,data/page/562c28428f208534adb043e0257a7f17.json,"https://api.business.govt.nz/gateway/radio-spectrum-management/v1/licences?page=25&sort-by=Licence%20ID&sort-order=desc&txRx=TRN,%20RCV&LicenceDateType=LASTUPDATED_LU&fromDate=2024-11-20&toDate=2024-11-21&gridRefDefault=LAT_LONG_NZGD2000_D2000",2024-11-21T22:10:48Z,25,Licence ID,desc,"TRN, RCV",LASTUPDATED_LU,2024-11-20,2024-11-21,LAT_LONG_NZGD2000_D2000,NA,NA,NA,36,3519,200
fc1e51b124afc09b3653a9463780437d,data/page/fc1e51b124afc09b3653a9463780437d.json,"https://api.business.govt.nz/gateway/radio-spectrum-management/v1/licences?page=24&sort-by=Licence%20ID&sort-order=desc&txRx=TRN,%20RCV&LicenceDateType=LASTUPDATED_LU&fromDate=2024-11-21&toDate=2024-11-22&gridRefDefault=LAT_LONG_NZGD2000_D2000",2024-11-21T22:10:48Z,24,Licence ID,desc,"TRN, RCV",LASTUPDATED_LU,2024-11-21,2024-11-22,LAT_LONG_NZGD2000_D2000,NA,NA,NA,6,575,200
9750fe9e6113ed4b743200729f88d470,data/page/9750fe9e6113ed4b743200729f88d470.json,"https://api.business.govt.nz/gateway/radio-spectrum-management/v1/licences?page=24&sort-by=Licence%20ID&sort-order=desc&txRx=TRN,%20RCV&LicenceDateType=LASTUPDATED_LU&fromDate=2024-11-20&toDate=2024-11-21&gridRefDefault=LAT_LONG_NZGD2000_D2000",2024-11-21T22:10:48Z,24,Licence ID,desc,"TRN, RCV",LASTUPDATED_LU,2024-11-20,2024-11-21,LAT_LONG_NZGD2000_D2000,NA,NA,NA,36,3519,200
bde16dbcde338f24bd59f5df7c7a807e,data/page/bde16dbcde338f24bd59f5df7c7a807e.json,"https://api.business.govt.nz/gateway/radio-spectrum-management/v1/licences?page=23&sort-by=Licence%20ID&sort-order=desc&txRx=TRN,%20RCV&LicenceDateType=LASTUPDATED_LU&fromDate=2024-11-21&toDate=2024-11-22&gridRefDefault=LAT_LONG_NZGD2000_D2000",2024-11-21T22:10:48Z,23,Licence ID,desc,"TRN, RCV",LASTUPDATED_LU,2024-11-21,2024-11-22,LAT_LONG_NZGD2000_D2000,NA,NA,NA,6,575,200
8d4f6ab721341020ed91c4cd6e265a04,data/page/8d4f6ab721341020ed91c4cd6e265a04.json,"https://api.business.govt.nz/gateway/radio-spectrum-management/v1/licences?page=23&sort-by=Licence%20ID&sort-order=desc&txRx=TRN,%20RCV&LicenceDateType=LASTUPDATED_LU&fromDate=2024-11-20&toDate=2024-11-21&gridRefDefault=LAT_LONG_NZGD2000_D2000",2024-11-21T22:10:48Z,23,Licence ID,desc,"TRN, RCV",LASTUPDATED_LU,2024-11-20,2024-11-21,LAT_LONG_NZGD2000_D2000,NA,NA,NA,36,3519,200
910ed910837ff87155163e70c9038b54,data/page/910ed910837ff87155163e70c9038b54.json,"https://api.business.govt.nz/gateway/radio-spectrum-management/v1/licences?page=22&sort-by=Licence%20ID&sort-order=desc&txRx=TRN,%20RCV&LicenceDateType=LASTUPDATED_LU&fromDate=2024-11-21&toDate=2024-11-22&gridRefDefault=LAT_LONG_NZGD2000_D2000",2024-11-21T22:10:48Z,22,Licence ID,desc,"TRN, RCV",LASTUPDATED_LU,2024-11-21,2024-11-22,LAT_LONG_NZGD2000_D2000,NA,NA,NA,6,575,200
41001ab59397f775c6ec571323b847d9,data/page/41001ab59397f775c6ec571323b847d9.json,"https://api.business.govt.nz/gateway/radio-spectrum-management/v1/licences?page=22&sort-by=Licence%20ID&sort-order=desc&txRx=TRN,%20RCV&LicenceDateType=LASTUPDATED_LU&fromDate=2024-11-20&toDate=2024-11-21&gridRefDefault=LAT_LONG_NZGD2000_D2000",2024-11-21T22:10:48Z,22,Licence ID,desc,"TRN, RCV",LASTUPDATED_LU,2024-11-20,2024-11-21,LAT_LONG_NZGD2000_D2000,NA,NA,NA,36,3519,200
2d55d1b3ce6cc63ccba026618ee6a4d0,data/page/2d55d1b3ce6cc63ccba026618ee6a4d0.json,"https://api.business.govt.nz/gateway/radio-spectrum-management/v1/licences?page=21&sort-by=Licence%20ID&sort-order=desc&txRx=TRN,%20RCV&LicenceDateType=LASTUPDATED_LU&fromDate=2024-11-21&toDate=2024-11-22&gridRefDefault=LAT_LONG_NZGD2000_D2000",2024-11-21T22:10:48Z,21,Licence ID,desc,"TRN, RCV",LASTUPDATED_LU,2024-11-21,2024-11-22,LAT_LONG_NZGD2000_D2000,NA,NA,NA,6,575,200
2e9c93b1acced1749889968e0e0e47f1,data/page/2e9c93b1acced1749889968e0e0e47f1.json,"https://api.business.govt.nz/gateway/radio-spectrum-management/v1/licences?page=21&sort-by=Licence%20ID&sort-order=desc&txRx=TRN,%20RCV&LicenceDateType=LASTUPDATED_LU&fromDate=2024-11-20&toDate=2024-11-21&gridRefDefault=LAT_LONG_NZGD2000_D2000",2024-11-21T22:10:48Z,21,Licence ID,desc,"TRN, RCV",LASTUPDATED_LU,2024-11-20,2024-11-21,LAT_LONG_NZGD2000_D2000,NA,NA,NA,36,3519,200
0b5fd389c558e594c051335846fd6c63,data/page/0b5fd389c558e594c051335846fd6c63.json,"https://api.business.govt.nz/gateway/radio-spectrum-management/v1/licences?page=20&sort-by=Licence%20ID&sort-order=desc&txRx=TRN,%20RCV&LicenceDateType=LASTUPDATED_LU&fromDate=2024-11-21&toDate=2024-11-22&gridRefDefault=LAT_LONG_NZGD2000_D2000",2024-11-21T22:10:48Z,20,Licence ID,desc,"TRN, RCV",LASTUPDATED_LU,2024-11-21,2024-11-22,LAT_LONG_NZGD2000_D2000,NA,NA,NA,6,575,200
8787bd82bd1a498982f81f5e71c85d58,data/page/8787bd82bd1a498982f81f5e71c85d58.json,"https://api.business.govt.nz/gateway/radio-spectrum-management/v1/licences?page=20&sort-by=Licence%20ID&sort-order=desc&txRx=TRN,%20RCV&LicenceDateType=LASTUPDATED_LU&fromDate=2024-11-20&toDate=2024-11-21&gridRefDefault=LAT_LONG_NZGD2000_D2000",2024-11-21T22:10:48Z,20,Licence ID,desc,"TRN, RCV",LASTUPDATED_LU,2024-11-20,2024-11-21,LAT_LONG_NZGD2000_D2000,NA,NA,NA,36,3519,200
2093e27d619e773317c3260036449bd6,data/page/2093e27d619e773317c3260036449bd6.json,"https://api.business.govt.nz/gateway/radio-spectrum-management/v1/licences?page=19&sort-by=Licence%20ID&sort-order=desc&txRx=TRN,%20RCV&LicenceDateType=LASTUPDATED_LU&fromDate=2024-11-21&toDate=2024-11-22&gridRefDefault=LAT_LONG_NZGD2000_D2000",2024-11-21T22:10:48Z,19,Licence ID,desc,"TRN, RCV",LASTUPDATED_LU,2024-11-21,2024-11-22,LAT_LONG_NZGD2000_D2000,NA,NA,NA,6,575,200
d401a868f64b57c765327208c5f57387,data/page/d401a868f64b57c765327208c5f57387.json,"https://api.business.govt.nz/gateway/radio-spectrum-management/v1/licences?page=19&sort-by=Licence%20ID&sort-order=desc&txRx=TRN,%20RCV&LicenceDateType=LASTUPDATED_LU&fromDate=2024-11-20&toDate=2024-11-21&gridRefDefault=LAT_LONG_NZGD2000_D2000",2024-11-21T22:10:48Z,19,Licence ID,desc,"TRN, RCV",LASTUPDATED_LU,2024-11-20,2024-11-21,LAT_LONG_NZGD2000_D2000,NA,NA,NA,36,3519,200
8c8ab729fc571e2d007797b3b9e67326,data/page/8c8ab729fc571e2d007797b3b9e67326.json,"https://api.business.govt.nz/gateway/radio-spectrum-management/v1/licences?page=18&sort-by=Licence%20ID&sort-order=desc&txRx=TRN,%20RCV&LicenceDateType=LASTUPDATED_LU&fromDate=2024-11-21&toDate=2024-11-22&gridRefDefault=LAT_LONG_NZGD2000_D2000",2024-11-21T22:10:48Z,18,Licence ID,desc,"TRN, RCV",LASTUPDATED_LU,2024-11-21,2024-11-22,LAT_LONG_NZGD2000_D2000,NA,NA,NA,6,575,200
dc062955aa2ed849b5db4f0ad11462e9,data/page/dc062955aa2ed849b5db4f0ad11462e9.json,"https://api.business.govt.nz/gateway/radio-spectrum-management/v1/licences?page=18&sort-by=Licence%20ID&sort-order=desc&txRx=TRN,%20RCV&LicenceDateType=LASTUPDATED_LU&fromDate=2024-11-20&toDate=2024-11-21&gridRefDefault=LAT_LONG_NZGD2000_D2000",2024-11-21T22:10:48Z,18,Licence ID,desc,"TRN, RCV",LASTUPDATED_LU,2024-11-20,2024-11-21,LAT_LONG_NZGD2000_D2000,NA,NA,NA,36,3519,200
0ea669c986e864ad4b69d13c09ac0c04,data/page/0ea669c986e864ad4b69d13c09ac0c04.json,"https://api.business.govt.nz/gateway/radio-spectrum-management/v1/licences?page=17&sort-by=Licence%20ID&sort-order=desc&txRx=TRN,%20RCV&LicenceDateType=LASTUPDATED_LU&fromDate=2024-11-21&toDate=2024-11-22&gridRefDefault=LAT_LONG_NZGD2000_D2000",2024-11-21T22:10:47Z,17,Licence ID,desc,"TRN, RCV",LASTUPDATED_LU,2024-11-21,2024-11-22,LAT_LONG_NZGD2000_D2000,NA,NA,NA,6,575,200
6c6b26caac50bd8568985275651c7cec,data/page/6c6b26caac50bd8568985275651c7cec.json,"https://api.business.govt.nz/gateway/radio-spectrum-management/v1/licences?page=17&sort-by=Licence%20ID&sort-order=desc&txRx=TRN,%20RCV&LicenceDateType=LASTUPDATED_LU&fromDate=2024-11-20&toDate=2024-11-21&gridRefDefault=LAT_LONG_NZGD2000_D2000",2024-11-21T22:10:47Z,17,Licence ID,desc,"TRN, RCV",LASTUPDATED_LU,2024-11-20,2024-11-21,LAT_LONG_NZGD2000_D2000,NA,NA,NA,36,3519,200
e237a7b2618f8f23e0c88788066ac78d,data/page/e237a7b2618f8f23e0c88788066ac78d.json,"https://api.business.govt.nz/gateway/radio-spectrum-management/v1/licences?page=16&sort-by=Licence%20ID&sort-order=desc&txRx=TRN,%20RCV&LicenceDateType=LASTUPDATED_LU&fromDate=2024-11-21&toDate=2024-11-22&gridRefDefault=LAT_LONG_NZGD2000_D2000",2024-11-21T22:10:47Z,16,Licence ID,desc,"TRN, RCV",LASTUPDATED_LU,2024-11-21,2024-11-22,LAT_LONG_NZGD2000_D2000,NA,NA,NA,6,575,200
49753942d264484b07a5ed8643768ff4,data/page/49753942d264484b07a5ed8643768ff4.json,"https://api.business.govt.nz/gateway/radio-spectrum-management/v1/licences?page=16&sort-by=Licence%20ID&sort-order=desc&txRx=TRN,%20RCV&LicenceDateType=LASTUPDATED_LU&fromDate=2024-11-20&toDate=2024-11-21&gridRefDefault=LAT_LONG_NZGD2000_D2000",2024-11-21T22:10:47Z,16,Licence ID,desc,"TRN, RCV",LASTUPDATED_LU,2024-11-20,2024-11-21,LAT_LONG_NZGD2000_D2000,NA,NA,NA,36,3519,200
006614fb888bf5effa3bbc2d8a4e9158,data/page/006614fb888bf5effa3bbc2d8a4e9158.json,"https://api.business.govt.nz/gateway/radio-spectrum-management/v1/licences?page=15&sort-by=Licence%20ID&sort-order=desc&txRx=TRN,%20RCV&LicenceDateType=LASTUPDATED_LU&fromDate=2024-11-21&toDate=2024-11-22&gridRefDefault=LAT_LONG_NZGD2000_D2000",2024-11-21T22:10:47Z,15,Licence ID,desc,"TRN, RCV",LASTUPDATED_LU,2024-11-21,2024-11-22,LAT_LONG_NZGD2000_D2000,NA,NA,NA,6,575,200
fbdead96aa6fd83b80616674c0035c89,data/page/fbdead96aa6fd83b80616674c0035c89.json,"https://api.business.govt.nz/gateway/radio-spectrum-management/v1/licences?page=15&sort-by=Licence%20ID&sort-order=desc&txRx=TRN,%20RCV&LicenceDateType=LASTUPDATED_LU&fromDate=2024-11-20&toDate=2024-11-21&gridRefDefault=LAT_LONG_NZGD2000_D2000",2024-11-21T22:10:47Z,15,Licence ID,desc,"TRN, RCV",LASTUPDATED_LU,2024-11-20,2024-11-21,LAT_LONG_NZGD2000_D2000,NA,NA,NA,36,3519,200
056043b6ce2b0c7ef7c2dcc2f68ce31e,data/page/056043b6ce2b0c7ef7c2dcc2f68ce31e.json,"https://api.business.govt.nz/gateway/radio-spectrum-management/v1/licences?page=14&sort-by=Licence%20ID&sort-order=desc&txRx=TRN,%20RCV&LicenceDateType=LASTUPDATED_LU&fromDate=2024-11-21&toDate=2024-11-22&gridRefDefault=LAT_LONG_NZGD2000_D2000",2024-11-21T22:10:47Z,14,Licence ID,desc,"TRN, RCV",LASTUPDATED_LU,2024-11-21,2024-11-22,LAT_LONG_NZGD2000_D2000,NA,NA,NA,6,575,200
b81ec0b3226eb76d1ed097ce89e9ea69,data/page/b81ec0b3226eb76d1ed097ce89e9ea69.json,"https://api.business.govt.nz/gateway/radio-spectrum-management/v1/licences?page=14&sort-by=Licence%20ID&sort-order=desc&txRx=TRN,%20RCV&LicenceDateType=LASTUPDATED_LU&fromDate=2024-11-20&toDate=2024-11-21&gridRefDefault=LAT_LONG_NZGD2000_D2000",2024-11-21T22:10:47Z,14,Licence ID,desc,"TRN, RCV",LASTUPDATED_LU,2024-11-20,2024-11-21,LAT_LONG_NZGD2000_D2000,NA,NA,NA,36,3519,200
435fb80e3a94a1aedfedbabe5aee3e68,data/page/435fb80e3a94a1aedfedbabe5aee3e68.json,"https://api.business.govt.nz/gateway/radio-spectrum-management/v1/licences?page=13&sort-by=Licence%20ID&sort-order=desc&txRx=TRN,%20RCV&LicenceDateType=LASTUPDATED_LU&fromDate=2024-11-21&toDate=2024-11-22&gridRefDefault=LAT_LONG_NZGD2000_D2000",2024-11-21T22:10:47Z,13,Licence ID,desc,"TRN, RCV",LASTUPDATED_LU,2024-11-21,2024-11-22,LAT_LONG_NZGD2000_D2000,NA,NA,NA,6,575,200
7a0fad62a673a14ee0b8b7e9f5e718d5,data/page/7a0fad62a673a14ee0b8b7e9f5e718d5.json,"https://api.business.govt.nz/gateway/radio-spectrum-management/v1/licences?page=13&sort-by=Licence%20ID&sort-order=desc&txRx=TRN,%20RCV&LicenceDateType=LASTUPDATED_LU&fromDate=2024-11-20&toDate=2024-11-21&gridRefDefault=LAT_LONG_NZGD2000_D2000",2024-11-21T22:10:47Z,13,Licence ID,desc,"TRN, RCV",LASTUPDATED_LU,2024-11-20,2024-11-21,LAT_LONG_NZGD2000_D2000,NA,NA,NA,36,3519,200
5e3436e01e701e5009b462781d52843c,data/page/5e3436e01e701e5009b462781d52843c.json,"https://api.business.govt.nz/gateway/radio-spectrum-management/v1/licences?page=12&sort-by=Licence%20ID&sort-order=desc&txRx=TRN,%20RCV&LicenceDateType=LASTUPDATED_LU&fromDate=2024-11-21&toDate=2024-11-22&gridRefDefault=LAT_LONG_NZGD2000_D2000",2024-11-21T22:10:47Z,12,Licence ID,desc,"TRN, RCV",LASTUPDATED_LU,2024-11-21,2024-11-22,LAT_LONG_NZGD2000_D2000,NA,NA,NA,6,575,200
5c0004503dae3c35ea577f66a6a4597e,data/page/5c0004503dae3c35ea577f66a6a4597e.json,"https://api.business.govt.nz/gateway/radio-spectrum-management/v1/licences?page=12&sort-by=Licence%20ID&sort-order=desc&txRx=TRN,%20RCV&LicenceDateType=LASTUPDATED_LU&fromDate=2024-11-20&toDate=2024-11-21&gridRefDefault=LAT_LONG_NZGD2000_D2000",2024-11-21T22:10:47Z,12,Licence ID,desc,"TRN, RCV",LASTUPDATED_LU,2024-11-20,2024-11-21,LAT_LONG_NZGD2000_D2000,NA,NA,NA,36,3519,200
94ea16028b312c70648a8d5bc38df8b1,data/page/94ea16028b312c70648a8d5bc38df8b1.json,"https://api.business.govt.nz/gateway/radio-spectrum-management/v1/licences?page=11&sort-by=Licence%20ID&sort-order=desc&txRx=TRN,%20RCV&LicenceDateType=LASTUPDATED_LU&fromDate=2024-11-21&toDate=2024-11-22&gridRefDefault=LAT_LONG_NZGD2000_D2000",2024-11-21T22:10:47Z,11,Licence ID,desc,"TRN, RCV",LASTUPDATED_LU,2024-11-21,2024-11-22,LAT_LONG_NZGD2000_D2000,NA,NA,NA,6,575,200
c249ab4d3e03450ff111aaff4a52dd89,data/page/c249ab4d3e03450ff111aaff4a52dd89.json,"https://api.business.govt.nz/gateway/radio-spectrum-management/v1/licences?page=11&sort-by=Licence%20ID&sort-order=desc&txRx=TRN,%20RCV&LicenceDateType=LASTUPDATED_LU&fromDate=2024-11-20&toDate=2024-11-21&gridRefDefault=LAT_LONG_NZGD2000_D2000",2024-11-21T22:10:47Z,11,Licence ID,desc,"TRN, RCV",LASTUPDATED_LU,2024-11-20,2024-11-21,LAT_LONG_NZGD2000_D2000,NA,NA,NA,36,3519,200
fa2adbae99b190d5aad89425ba1bc833,data/page/fa2adbae99b190d5aad89425ba1bc833.json,"https://api.business.govt.nz/gateway/radio-spectrum-management/v1/licences?page=10&sort-by=Licence%20ID&sort-order=desc&txRx=TRN,%20RCV&LicenceDateType=LASTUPDATED_LU&fromDate=2024-11-21&toDate=2024-11-22&gridRefDefault=LAT_LONG_NZGD2000_D2000",2024-11-21T22:10:47Z,10,Licence ID,desc,"TRN, RCV",LASTUPDATED_LU,2024-11-21,2024-11-22,LAT_LONG_NZGD2000_D2000,NA,NA,NA,6,575,200
8c50ce4de0c7a7327606b94dd05ea182,data/page/8c50ce4de0c7a7327606b94dd05ea182.json,"https://api.business.govt.nz/gateway/radio-spectrum-management/v1/licences?page=10&sort-by=Licence%20ID&sort-order=desc&txRx=TRN,%20RCV&LicenceDateType=LASTUPDATED_LU&fromDate=2024-11-20&toDate=2024-11-21&gridRefDefault=LAT_LONG_NZGD2000_D2000",2024-11-21T22:10:47Z,10,Licence ID,desc,"TRN, RCV",LASTUPDATED_LU,2024-11-20,2024-11-21,LAT_LONG_NZGD2000_D2000,NA,NA,NA,36,3519,200
188d1c05972e6f1a45a31b11f87b7b6c,data/page/188d1c05972e6f1a45a31b11f87b7b6c.json,"https://api.business.govt.nz/gateway/radio-spectrum-management/v1/licences?page=9&sort-by=Licence%20ID&sort-order=desc&txRx=TRN,%20RCV&LicenceDateType=LASTUPDATED_LU&fromDate=2024-11-21&toDate=2024-11-22&gridRefDefault=LAT_LONG_NZGD2000_D2000",2024-11-21T22:10:47Z,9,Licence ID,desc,"TRN, RCV",LASTUPDATED_LU,2024-11-21,2024-11-22,LAT_LONG_NZGD2000_D2000,NA,NA,NA,6,575,200
8ee23d3100ec2e9c7f0c786eaf5d24d2,data/page/8ee23d3100ec2e9c7f0c786eaf5d24d2.json,"https://api.business.govt.nz/gateway/radio-spectrum-management/v1/licences?page=9&sort-by=Licence%20ID&sort-order=desc&txRx=TRN,%20RCV&LicenceDateType=LASTUPDATED_LU&fromDate=2024-11-20&toDate=2024-11-21&gridRefDefault=LAT_LONG_NZGD2000_D2000",2024-11-21T22:10:47Z,9,Licence ID,desc,"TRN, RCV",LASTUPDATED_LU,2024-11-20,2024-11-21,LAT_LONG_NZGD2000_D2000,NA,NA,NA,36,3519,200
32452102354c4c3f52484c885f162324,data/page/32452102354c4c3f52484c885f162324.json,"https://api.business.govt.nz/gateway/radio-spectrum-management/v1/licences?page=8&sort-by=Licence%20ID&sort-order=desc&txRx=TRN,%20RCV&LicenceDateType=LASTUPDATED_LU&fromDate=2024-11-21&toDate=2024-11-22&gridRefDefault=LAT_LONG_NZGD2000_D2000",2024-11-21T22:10:47Z,8,Licence ID,desc,"TRN, RCV",LASTUPDATED_LU,2024-11-21,2024-11-22,LAT_LONG_NZGD2000_D2000,NA,NA,NA,6,575,200
c914072b2f3b7b17d0ff76e2ba9935fd,data/page/c914072b2f3b7b17d0ff76e2ba9935fd.json,"https://api.business.govt.nz/gateway/radio-spectrum-management/v1/licences?page=8&sort-by=Licence%20ID&sort-order=desc&txRx=TRN,%20RCV&LicenceDateType=LASTUPDATED_LU&fromDate=2024-11-20&toDate=2024-11-21&gridRefDefault=LAT_LONG_NZGD2000_D2000",2024-11-21T22:10:47Z,8,Licence ID,desc,"TRN, RCV",LASTUPDATED_LU,2024-11-20,2024-11-21,LAT_LONG_NZGD2000_D2000,NA,NA,NA,36,3519,200
ef2fb54de8375a2b403c611dd12bfb44,data/page/ef2fb54de8375a2b403c611dd12bfb44.json,"https://api.business.govt.nz/gateway/radio-spectrum-management/v1/licences?page=7&sort-by=Licence%20ID&sort-order=desc&txRx=TRN,%20RCV&LicenceDateType=LASTUPDATED_LU&fromDate=2024-11-21&toDate=2024-11-22&gridRefDefault=LAT_LONG_NZGD2000_D2000",2024-11-21T22:10:47Z,7,Licence ID,desc,"TRN, RCV",LASTUPDATED_LU,2024-11-21,2024-11-22,LAT_LONG_NZGD2000_D2000,NA,NA,NA,6,575,200
338ea7998d6a5b860a784f2d932ef798,data/page/338ea7998d6a5b860a784f2d932ef798.json,"https://api.business.govt.nz/gateway/radio-spectrum-management/v1/licences?page=7&sort-by=Licence%20ID&sort-order=desc&txRx=TRN,%20RCV&LicenceDateType=LASTUPDATED_LU&fromDate=2024-11-20&toDate=2024-11-21&gridRefDefault=LAT_LONG_NZGD2000_D2000",2024-11-21T22:10:47Z,7,Licence ID,desc,"TRN, RCV",LASTUPDATED_LU,2024-11-20,2024-11-21,LAT_LONG_NZGD2000_D2000,NA,NA,NA,36,3519,200
c79db43c21c128c9597a2124f67d9085,data/page/c79db43c21c128c9597a2124f67d9085.json,"https://api.business.govt.nz/gateway/radio-spectrum-management/v1/licences?page=6&sort-by=Licence%20ID&sort-order=desc&txRx=TRN,%20RCV&LicenceDateType=LASTUPDATED_LU&fromDate=2024-11-20&toDate=2024-11-21&gridRefDefault=LAT_LONG_NZGD2000_D2000",2024-11-21T22:10:47Z,6,Licence ID,desc,"TRN, RCV",LASTUPDATED_LU,2024-11-20,2024-11-21,LAT_LONG_NZGD2000_D2000,NA,NA,NA,36,3519,200
0fdc663ae66997f01803482d432cb3e2,data/page/0fdc663ae66997f01803482d432cb3e2.json,"https://api.business.govt.nz/gateway/radio-spectrum-management/v1/licences?page=5&sort-by=Licence%20ID&sort-order=desc&txRx=TRN,%20RCV&LicenceDateType=LASTUPDATED_LU&fromDate=2024-11-20&toDate=2024-11-21&gridRefDefault=LAT_LONG_NZGD2000_D2000",2024-11-21T22:10:47Z,5,Licence ID,desc,"TRN, RCV",LASTUPDATED_LU,2024-11-20,2024-11-21,LAT_LONG_NZGD2000_D2000,NA,NA,NA,36,3519,200
ab87dbaa8509ea6e91d703e51c1b02f6,data/page/ab87dbaa8509ea6e91d703e51c1b02f6.json,"https://api.business.govt.nz/gateway/radio-spectrum-management/v1/licences?page=4&sort-by=Licence%20ID&sort-order=desc&txRx=TRN,%20RCV&LicenceDateType=LASTUPDATED_LU&fromDate=2024-11-20&toDate=2024-11-21&gridRefDefault=LAT_LONG_NZGD2000_D2000",2024-11-21T22:10:47Z,4,Licence ID,desc,"TRN, RCV",LASTUPDATED_LU,2024-11-20,2024-11-21,LAT_LONG_NZGD2000_D2000,NA,NA,NA,36,3519,200
a99122e104957c4b38f02944735aef02,data/page/a99122e104957c4b38f02944735aef02.json,"https://api.business.govt.nz/gateway/radio-spectrum-management/v1/licences?page=3&sort-by=Licence%20ID&sort-order=desc&txRx=TRN,%20RCV&LicenceDateType=LASTUPDATED_LU&fromDate=2024-11-20&toDate=2024-11-21&gridRefDefault=LAT_LONG_NZGD2000_D2000",2024-11-21T22:10:47Z,3,Licence ID,desc,"TRN, RCV",LASTUPDATED_LU,2024-11-20,2024-11-21,LAT_LONG_NZGD2000_D2000,NA,NA,NA,36,3519,200
5e7a29eaed5ce49c7c7bd9cf842052db,data/page/5e7a29eaed5ce49c7c7bd9cf842052db.json,"https://api.business.govt.nz/gateway/radio-spectrum-management/v1/licences?page=2&sort-by=Licence%20ID&sort-order=desc&txRx=TRN,%20RCV&LicenceDateType=LASTUPDATED_LU&fromDate=2024-11-20&toDate=2024-11-21&gridRefDefault=LAT_LONG_NZGD2000_D2000",2024-11-21T22:10:47Z,2,Licence ID,desc,"TRN, RCV",LASTUPDATED_LU,2024-11-20,2024-11-21,LAT_LONG_NZGD2000_D2000,NA,NA,NA,36,3519,200
837f87c5041ef6fd7709458446b80db1,data/page/837f87c5041ef6fd7709458446b80db1.json,"https://api.business.govt.nz/gateway/radio-spectrum-management/v1/licences?page=1&sort-by=Licence%20ID&sort-order=desc&txRx=TRN,%20RCV&LicenceDateType=LASTUPDATED_LU&fromDate=2024-11-21&toDate=2024-11-22&gridRefDefault=LAT_LONG_NZGD2000_D2000",2024-11-21T21:29:38Z,1,Licence ID,desc,"TRN, RCV",LASTUPDATED_LU,2024-11-21,2024-11-22,LAT_LONG_NZGD2000_D2000,NA,NA,NA,6,575,200
668dc5d828bc0efb0049309b42ef4ecd,data/page/668dc5d828bc0efb0049309b42ef4ecd.json,"https://api.business.govt.nz/gateway/radio-spectrum-management/v1/licences?page=1&sort-by=Licence%20ID&sort-order=desc&txRx=TRN,%20RCV&LicenceDateType=LASTUPDATED_LU&fromDate=2024-11-22&toDate=2024-11-23&gridRefDefault=LAT_LONG_NZGD2000_D2000",2024-11-21T21:29:38Z,1,Licence ID,desc,"TRN, RCV",LASTUPDATED_LU,2024-11-22,2024-11-23,LAT_LONG_NZGD2000_D2000,NA,NA,NA,4,327,200
a677c759443a087df58d2a2afaf3f06a,data/page/a677c759443a087df58d2a2afaf3f06a.json,"https://api.business.govt.nz/gateway/radio-spectrum-management/v1/licences?page=1&sort-by=Licence%20ID&sort-order=desc&txRx=TRN,%20RCV&LicenceDateType=LASTUPDATED_LU&fromDate=2024-11-20&toDate=2024-11-21&gridRefDefault=LAT_LONG_NZGD2000_D2000",2024-11-21T21:29:23Z,1,Licence ID,desc,"TRN, RCV",LASTUPDATED_LU,2024-11-20,2024-11-21,LAT_LONG_NZGD2000_D2000,NA,NA,NA,36,3519,200
837f87c5041ef6fd7709458446b80db1,data/page/837f87c5041ef6fd7709458446b80db1.json,"https://api.business.govt.nz/gateway/radio-spectrum-management/v1/licences?page=1&sort-by=Licence%20ID&sort-order=desc&txRx=TRN,%20RCV&LicenceDateType=LASTUPDATED_LU&fromDate=2024-11-21&toDate=2024-11-22&gridRefDefault=LAT_LONG_NZGD2000_D2000",2024-11-22T22:35:54Z,1,Licence ID,desc,"TRN, RCV",LASTUPDATED_LU,2024-11-21,2024-11-22,LAT_LONG_NZGD2000_D2000,NA,NA,NA,NA,NA,NA
668dc5d828bc0efb0049309b42ef4ecd,data/page/668dc5d828bc0efb0049309b42ef4ecd.json,"https://api.business.govt.nz/gateway/radio-spectrum-management/v1/licences?page=1&sort-by=Licence%20ID&sort-order=desc&txRx=TRN,%20RCV&LicenceDateType=LASTUPDATED_LU&fromDate=2024-11-22&toDate=2024-11-23&gridRefDefault=LAT_LONG_NZGD2000_D2000",2024-11-22T22:35:54Z,1,Licence ID,desc,"TRN, RCV",LASTUPDATED_LU,2024-11-22,2024-11-23,LAT_LONG_NZGD2000_D2000,NA,NA,NA,NA,NA,NA
01cbc86c7d1891233586cbe443a51651,data/page/01cbc86c7d1891233586cbe443a51651.json,"https://api.business.govt.nz/gateway/radio-spectrum-management/v1/licences?page=1&sort-by=Licence%20ID&sort-order=desc&txRx=TRN,%20RCV&LicenceDateType=LASTUPDATED_LU&fromDate=2024-11-23&toDate=2024-11-24&gridRefDefault=LAT_LONG_NZGD2000_D2000",2024-11-22T22:35:54Z,1,Licence ID,desc,"TRN, RCV",LASTUPDATED_LU,2024-11-23,2024-11-24,LAT_LONG_NZGD2000_D2000,NA,NA,NA,NA,NA,NA
